Workbook

Sheet products
A1: product_id | B1: name | C1: price_per_kg
A2: 1 | B2: Apple | C2: 60
A3: 2 | B3: Banana | C3: 90
A4: 3 | B4: Orange | C4: 80
A5: 4 | B5: Watermelon | C5: 25
A6: 5 | B6: Grapes | C6: 110
A7: 6 | B7: Strawberry | C7: 220
A8: 7 | B8: Peach | C8: 95

Sheet Sheet2
A3: Sum of revenue | C3: city
A4: month | B4: fruit | C4: Ohrid | D4: Bitola | E4: Grand Total
A5: 7 | B5: Grapes | C5: 25828 | D5: 18557 | E5: 44385
B6: Orange | C6: 37368 | D6: 26712 | E6: 64080
B7: Apple | C7: 51666 | D7: 36354 | E7: 88020
B8: Watermelon | C8: 77596 | D8: 57801 | E8: 135397
B9: Strawberry | C9: 85866 | D9: 60786 | E9: 146652
B10: Peach | C10: 95113 | D10: 67326 | E10: 162439
B11: Banana | C11: 107010 | D11: 79272 | E11: 186282
A12: 7 Total | C12: 480447 | D12: 346808 | E12: 827255
A13: 8 | B13: Orange | C13: 35072 | D13: 23296 | E13: 58368
B14: Strawberry | C14: 42548 | D14: 30074 | E14: 72622
B15: Apple | C15: 61146 | D15: 40680 | E15: 101826
B16: Grapes | C16: 71555 | D16: 53075 | E16: 124630
B17: Watermelon | C17: 100671 | D17: 66817 | E17: 167488
B18: Banana | C18: 105948 | D18: 70614 | E18: 176562
B19: Peach | C19: 126623 | D19: 79289 | E19: 205912
A20: 8 Total | C20: 543563 | D20: 363845 | E20: 907408
A21: 9 | B21: Strawberry | C21: 12606 | D21: 13662 | E21: 26268
B22: Watermelon | C22: 20826 | D22: 23972 | E22: 44798
B23: Peach | C23: 26245 | D23: 30275 | E23: 56520
B24: Orange | C24: 31808 | D24: 36360 | E24: 68168
B25: Apple | C25: 52314 | D25: 65388 | E25: 117702
B26: Banana | C26: 67779 | D26: 71451 | E26: 139230
B27: Grapes | C27: 89210 | D27: 97207 | E27: 186417
A28: 9 Total | C28: 300788 | D28: 338315 | E28: 639103
A29: Grand Total | C29: 1324798 | D29: 1048968 | E29: 2373766

Sheet sales
A1: sale_id | B1: sale_date | C1: product_id | D1: store_id | E1: quantity_kg | F1: revenue | G1: fruit | H1: city | I1: sale_size | J1: month
A2: 1 | B2: 46204 | C2: 1 | D2: 1 | E2: 17.5 | F2: 1050 | G2: =_xlfn.XLOOKUP(C2,products!A:A,products!B:B) -> Apple | H2: =_xlfn.XLOOKUP(D2,stores!A:A,stores!B:B) -> Bitola | I2: =IF(E2>50,"BIG","NORMAL") -> NORMAL | J2: =TEXT(B2,"m") -> 7
A3: 2 | B3: 46204 | C3: 1 | D3: 2 | E3: 24.3 | F3: 1458 | G3: =_xlfn.XLOOKUP(C3,products!A:A,products!B:B) -> Apple | H3: =_xlfn.XLOOKUP(D3,stores!A:A,stores!B:B) -> Ohrid | I3: =IF(E3>50,"BIG","NORMAL") -> NORMAL | J3: =TEXT(B3,"m") -> 7
A4: 3 | B4: 46204 | C4: 2 | D4: 1 | E4: 24.4 | F4: 2196 | G4: =_xlfn.XLOOKUP(C4,products!A:A,products!B:B) -> Banana | H4: =_xlfn.XLOOKUP(D4,stores!A:A,stores!B:B) -> Bitola | I4: =IF(E4>50,"BIG","NORMAL") -> NORMAL | J4: =TEXT(B4,"m") -> 7
A5: 4 | B5: 46204 | C5: 2 | D5: 2 | E5: 39.9 | F5: 3591 | G5: =_xlfn.XLOOKUP(C5,products!A:A,products!B:B) -> Banana | H5: =_xlfn.XLOOKUP(D5,stores!A:A,stores!B:B) -> Ohrid | I5: =IF(E5>50,"BIG","NORMAL") -> NORMAL | J5: =TEXT(B5,"m") -> 7
A6: 5 | B6: 46204 | C6: 3 | D6: 1 | E6: 9.7 | F6: 776 | G6: =_xlfn.XLOOKUP(C6,products!A:A,products!B:B) -> Orange | H6: =_xlfn.XLOOKUP(D6,stores!A:A,stores!B:B) -> Bitola | I6: =IF(E6>50,"BIG","NORMAL") -> NORMAL | J6: =TEXT(B6,"m") -> 7
A7: 6 | B7: 46204 | C7: 3 | D7: 2 | E7: 9.8 | F7: 784 | G7: =_xlfn.XLOOKUP(C7,products!A:A,products!B:B) -> Orange | H7: =_xlfn.XLOOKUP(D7,stores!A:A,stores!B:B) -> Ohrid | I7: =IF(E7>50,"BIG","NORMAL") -> NORMAL | J7: =TEXT(B7,"m") -> 7
A8: 7 | B8: 46204 | C8: 4 | D8: 1 | E8: 74.7 | F8: 1868 | G8: =_xlfn.XLOOKUP(C8,products!A:A,products!B:B) -> Watermelon | H8: =_xlfn.XLOOKUP(D8,stores!A:A,stores!B:B) -> Bitola | I8: =IF(E8>50,"BIG","NORMAL") -> BIG | J8: =TEXT(B8,"m") -> 7
A9: 8 | B9: 46204 | C9: 4 | D9: 2 | E9: 92.8 | F9: 2320 | G9: =_xlfn.XLOOKUP(C9,products!A:A,products!B:B) -> Watermelon | H9: =_xlfn.XLOOKUP(D9,stores!A:A,stores!B:B) -> Ohrid | I9: =IF(E9>50,"BIG","NORMAL") -> BIG | J9: =TEXT(B9,"m") -> 7
A10: 9 | B10: 46204 | C10: 5 | D10: 1 | E10: 4.8 | F10: 528 | G10: =_xlfn.XLOOKUP(C10,products!A:A,products!B:B) -> Grapes | H10: =_xlfn.XLOOKUP(D10,stores!A:A,stores!B:B) -> Bitola | I10: =IF(E10>50,"BIG","NORMAL") -> NORMAL | J10: =TEXT(B10,"m") -> 7
A11: 10 | B11: 46204 | C11: 5 | D11: 2 | E11: 7.2 | F11: 792 | G11: =_xlfn.XLOOKUP(C11,products!A:A,products!B:B) -> Grapes | H11: =_xlfn.XLOOKUP(D11,stores!A:A,stores!B:B) -> Ohrid | I11: =IF(E11>50,"BIG","NORMAL") -> NORMAL | J11: =TEXT(B11,"m") -> 7
A12: 11 | B12: 46204 | C12: 6 | D12: 1 | E12: 8.4 | F12: 1848 | G12: =_xlfn.XLOOKUP(C12,products!A:A,products!B:B) -> Strawberry | H12: =_xlfn.XLOOKUP(D12,stores!A:A,stores!B:B) -> Bitola | I12: =IF(E12>50,"BIG","NORMAL") -> NORMAL | J12: =TEXT(B12,"m") -> 7
A13: 12 | B13: 46204 | C13: 6 | D13: 2 | E13: 13.8 | F13: 3036 | G13: =_xlfn.XLOOKUP(C13,products!A:A,products!B:B) -> Strawberry | H13: =_xlfn.XLOOKUP(D13,stores!A:A,stores!B:B) -> Ohrid | I13: =IF(E13>50,"BIG","NORMAL") -> NORMAL | J13: =TEXT(B13,"m") -> 7
... A1289: 1288 | B1289: 46295 | C1289: 7 | D1289: 2 | E1289: 7 | F1289: 665 | G1289: =_xlfn.XLOOKUP(C1289,products!A:A,products!B:B) -> Peach | H1289: =_xlfn.XLOOKUP(D1289,stores!A:A,stores!B:B) -> Ohrid | I1289: =IF(E1289>50,"BIG","NORMAL") -> NORMAL | J1289: =TEXT(B1289,"m") -> 9

Sheet stores
A1: store_id | B1: city
A2: 1 | B2: Bitola
A3: 2 | B3: Ohrid

Sheet Sheet1
B1: summary
A2: Watermelon Ohrid | B2: =SUMIFS(sales!F:F,sales!G:G,"Watermelon",sales!H:H,"Ohrid") -> 199093
